Date,Number
23-Jan,1
24-Jan,3
25-Jan,4
26-Jan,4
27-Jan,5
28-Jan,7
29-Jan,10
30-Jan,13
31-Jan,16
1-Feb,18
2-Feb,18
3-Feb,18
4-Feb,24
5-Feb,28
6-Feb,30
7-Feb,33
8-Feb,40
9-Feb,43
10-Feb,45
11-Feb,47
12-Feb,50
13-Feb,58
14-Feb,67
15-Feb,72
16-Feb,75
17-Feb,77
18-Feb,81
19-Feb,84
20-Feb,85
21-Feb,86
22-Feb,89
23-Feb,89
24-Feb,90
25-Feb,91
26-Feb,93
27-Feb,96
28-Feb,98
29-Feb,102
1-Mar,106
2-Mar,108
3-Mar,110
4-Mar,112
5-Mar,117
6-Mar,130
7-Mar,138
8-Mar,150
9-Mar,160
10-Mar,166
11-Mar,178
12-Mar,187
13-Mar,200
14-Mar,212
15-Mar,226
16-Mar,243
17-Mar,266
18-Mar,313
19-Mar,345
20-Mar,385
21-Mar,432
22-Mar,455
23-Mar,509
24-Mar,558
25-Mar,631
26-Mar,683
27-Mar,732
28-Mar,802
29-Mar,844
30-Mar,879
31-Mar,926
1-Apr,1000
2-Apr,1049
3-Apr,1114
4-Apr,1189
5-Apr,1309
6-Apr,1375
7-Apr,1481
8-Apr,1623
9-Apr,1910
10-Apr,2108
11-Apr,2299
12-Apr,2532
13-Apr,2918
14-Apr,3252
15-Apr,3699
16-Apr,4427
17-Apr,5050
18-Apr,5992
19-Apr,6588
20-Apr,8014
21-Apr,9125
22-Apr,10141
23-Apr,11178
24-Apr,12075
25-Apr,12693
26-Apr,13624
27-Apr,14423
28-Apr,14951
29-Apr,15641
30-Apr,16169
1-May,17101
2-May,17548
3-May,18205
4-May,18778
5-May,19410
6-May,20198
7-May,20939
8-May,21707
9-May,22460
10-May,23336
11-May,23787
12-May,24671
13-May,25346
14-May,26098
15-May,26891
16-May,27356
17-May,28038
18-May,28343
19-May,28794
20-May,29364
21-May,29812
22-May,30426
23-May,31068
24-May,31616
25-May,31960
26-May,32343
27-May,32876
28-May,33249
29-May,33860
30-May,34366
31-May,34884
1-Jun,35292
2-Jun,35836
3-Jun,36405
4-Jun,36922
5-Jun,37183
6-Jun,37527
7-Jun,37910
8-Jun,38296
9-Jun,38514
10-Jun,38965
11-Jun,39387
12-Jun,39850
13-Jun,40197
14-Jun,40604
15-Jun,40818
16-Jun,40969
17-Jun,41216
18-Jun,41473
19-Jun,41615
20-Jun,41833
21-Jun,42095
22-Jun,42313
23-Jun,42432
24-Jun,42623
25-Jun,42736
26-Jun,42955
27-Jun,43246
28-Jun,43459
29-Jun,43661
30-Jun,43907
1-Jul,44122
2-Jul,44310
3-Jul,44479
4-Jul,44664
5-Jul,44800
6-Jul,44983
7-Jul,45140
8-Jul,45298
9-Jul,45423
10-Jul,45613
11-Jul,45783
12-Jul,45961
13-Jul,46283
14-Jul,46629
15-Jul,46878
16-Jul,47126
17-Jul,47453
18-Jul,47655
19-Jul,47912
20-Jul,48035
21-Jul,48434
22-Jul,48744
23-Jul,49098
24-Jul,49375
25-Jul,49888
26-Jul,50369
27-Jul,50838
28-Jul,51197
29-Jul,51531
30-Jul,51809
31-Jul,52205
1-Aug,52512
2-Aug,52825
3-Aug,53051
4-Aug,53346
5-Aug,54254
6-Aug,54555
7-Aug,54797
8-Aug,54929
9-Aug,55104
10-Aug,55292
11-Aug,55353
12-Aug,55395
13-Aug,55497
14-Aug,55580
15-Aug,55661
16-Aug,55747
17-Aug,55838
18-Aug,55938
19-Aug,56031
20-Aug,56099
21-Aug,56216
22-Aug,56266
23-Aug,56353
24-Aug,56404
25-Aug,56435
26-Aug,56495
27-Aug,56572
28-Aug,56666
29-Aug,56717
30-Aug,56771
31-Aug,56812
1-Sep,56852
2-Sep,56860
3-Sep,56908
4-Sep,56948
5-Sep,56982
6-Sep,57022
7-Sep,57044
8-Sep,57091
9-Sep,57166
10-Sep,57229
11-Sep,57315
12-Sep,57357
13-Sep,57406
14-Sep,57454
15-Sep,57488
16-Sep,57514
17-Sep,57532
18-Sep,57543
19-Sep,57558
20-Sep,57576
21-Sep,57606
22-Sep,57627
23-Sep,57639
24-Sep,57654
25-Sep,57665
26-Sep,57685
27-Sep,57700
28-Sep,57715
29-Sep,57742
30-Sep,57765
1-Oct,57784
2-Oct,57794
3-Oct,57800
4-Oct,57812
5-Oct,57819
6-Oct,57830
7-Oct,57840
8-Oct,57849
9-Oct,57859
10-Oct,57866
11-Oct,57876
12-Oct,57880
13-Oct,57884
14-Oct,57889
15-Oct,57892
16-Oct,57901
17-Oct,57904
18-Oct,57911
19-Oct,57915
20-Oct,57921
21-Oct,57933
22-Oct,57941
23-Oct,57951
24-Oct,57965
25-Oct,57970
26-Oct,57973
27-Oct,57980
28-Oct,57987
29-Oct,57994
30-Oct,58003
31-Oct,58015
1-Nov,58019
2-Nov,58020
3-Nov,58029
4-Nov,58036
5-Nov,58043
6-Nov,58047
